date,temp, pressure, humidity
2020-06-13 13:10:42,22.6,989.37109375,32.1717224121
2020-06-13 13:30:04,21.51,989.437744141,31.2546215057
2020-06-13 14:00:04,21.71,989.584228516,33.0090789795
2020-06-13 14:30:04,21.51,989.814208984,32.0214309692
2020-06-13 15:00:04,22.0,990.142089844,33.5059700012
2020-06-13 15:30:04,21.18,990.137939453,34.7880744934
2020-06-13 16:00:04,21.49,990.363525391,34.7205963135
2020-06-13 16:30:04,19.8,990.412353516,35.3524436951
2020-06-13 17:00:04,21.71,990.325195312,34.9322357178
2020-06-13 17:30:04,21.33,990.536132812,37.9227867126
2020-06-13 18:00:04,22.22,990.995361328,38.051612854
2020-06-13 18:30:04,20.78,991.083496094,39.9594306946
2020-06-13 19:00:04,19.91,991.545654297,41.0360298157
2020-06-13 19:30:04,19.24,991.646728516,42.2659912109
2020-06-13 20:00:04,18.79,991.940429688,43.3119163513
2020-06-13 20:30:04,18.26,991.911621094,45.1982650757
2020-06-13 21:00:04,21.65,992.258056641,41.1679229736
2020-06-13 21:30:04,23.14,992.5703125,39.3643875122
2020-06-13 22:00:04,23.52,992.514160156,38.4319496155
2020-06-13 22:30:04,23.7,992.675048828,38.4564857483
2020-06-13 23:00:04,23.63,992.707763672,38.8184204102
2020-06-13 23:30:03,24.01,992.967773438,37.7571563721
2020-06-14 00:00:03,23.74,993.096435547,37.8000984192
2020-06-14 00:30:03,23.58,992.977539062,36.9013977051
2020-06-14 01:00:04,23.52,993.111328125,38.1190910339
2020-06-14 01:30:04,23.16,993.243164062,37.5823249817
2020-06-14 02:00:04,23.16,992.972412109,38.2233772278
2020-06-14 02:30:04,23.25,993.112304688,37.809299469
2020-06-14 03:00:04,22.94,993.079101562,37.8399734497
2020-06-14 03:30:04,23.18,993.177978516,37.7080802917
2020-06-14 04:00:04,22.78,993.115722656,37.9227867126
2020-06-14 04:30:04,23.03,993.1484375,37.987197876
2020-06-14 05:00:04,22.89,993.486328125,38.1651000977
2020-06-14 05:30:04,22.71,993.700683594,38.6129150391
2020-06-14 06:00:05,23.18,0,38.3429985046
2020-06-14 06:30:04,23.2,994.267333984,37.7663574219
2020-06-14 07:00:04,23.47,994.436035156,37.4903068542
2020-06-14 07:30:03,23.34,994.68359375,37.6743392944
2020-06-14 08:00:03,23.61,994.839111328,38.3153915405
2020-06-14 08:30:03,23.85,995.010742188,40.8151893616
2020-06-14 09:00:04,24.03,995.294189453,40.5268707275
2020-06-14 09:30:03,24.25,995.327880859,40.4992637634
2020-06-14 10:00:04,24.63,995.590332031,39.4748077393
2020-06-14 10:30:04,24.61,995.693847656,39.5760269165
2020-06-14 11:00:04,25.03,995.611083984,37.8461074829
2020-06-14 11:30:04,25.08,995.548828125,40.5606079102
2020-06-14 12:00:04,25.17,995.422851562,40.0913238525
2020-06-14 12:30:04,25.12,995.163574219,40.1066589355
2020-06-14 13:00:04,25.41,994.965332031,39.8827514648
2020-06-14 13:30:04,25.83,994.784667969,40.3274993896
2020-06-24 16:00:06,24.5,0,49.1304588318
2020-06-24 16:30:04,26.9,972.299316406,43.5664978027
2020-06-24 17:00:03,27.55,972.484375,43.8517494202
2020-06-24 17:30:04,29.17,972.715820312,39.551486969
2020-06-24 18:00:04,28.78,973.127685547,39.3214454651
2020-06-24 18:30:04,28.77,972.976074219,38.3215255737
2020-06-24 19:00:04,28.53,973.416015625,38.5515708923
2020-06-24 19:30:03,28.95,973.709960938,38.6773262024
2020-06-24 20:00:04,28.82,974.044921875,38.8613586426
2020-06-24 20:30:04,28.98,974.3984375,39.9318237305
2020-06-24 21:00:04,28.3,974.687988281,40.5636749268
2020-06-24 21:30:04,28.42,975.090332031,40.1618690491
2020-06-24 22:00:03,28.33,975.462646484,38.8858985901
2020-06-24 22:30:04,28.1,975.698242188,40.1925392151
2020-06-24 23:00:03,27.53,975.756347656,40.8059883118
2020-06-24 23:30:03,27.57,976.087158203,39.8582115173
2020-06-25 00:00:04,27.59,976.442138672,40.7814483643
2020-06-25 00:30:04,27.64,976.464599609,41.4225006104
2020-06-25 01:00:04,27.57,976.548583984,41.8549804688
2020-06-25 01:30:03,27.17,976.669677734,41.615737915
2020-06-25 02:00:04,27.03,976.797607422,40.4440536499
2020-06-25 02:30:04,26.72,976.958007812,40.664894104
2020-06-25 03:00:03,26.75,976.994140625,39.8827514648
2020-06-25 03:30:03,26.28,977.209472656,40.0330429077
2020-06-25 04:00:03,25.92,977.431396484,39.82447052
2020-06-25 04:30:04,25.79,977.540527344,39.5760269165
2020-06-25 05:00:04,25.43,977.922363281,40.0759849548
2020-06-25 05:30:04,24.72,978.271240234,39.7692642212
2020-06-25 06:00:04,24.45,978.571533203,40.8550643921
2020-06-25 06:30:04,24.67,978.782958984,40.8581314087
2020-06-25 07:00:04,25.16,979.037353516,41.5666618347
2020-06-25 07:30:04,25.68,979.196289062,43.9284324646
2020-06-25 08:00:04,26.3,979.182861328,44.4069213867
2020-06-25 08:30:04,26.7,979.351318359,44.1830101013
2020-06-25 09:00:04,27.06,979.383789062,42.4898986816
2020-06-25 09:30:04,27.41,979.344970703,41.44090271
2020-06-25 10:00:03,27.9,979.389892578,41.3458213806
2020-06-25 10:30:03,28.46,979.598632812,41.2384681702
2020-06-25 11:00:04,28.64,979.651367188,40.7691802979
2020-06-25 11:30:04,27.3,979.680419922,38.7294692993
2020-06-25 12:00:04,27.84,979.743652344,38.4779586792
2020-06-25 12:30:04,28.82,979.705566406,37.4412307739
2020-06-25 13:00:04,29.31,979.713867188,36.2143363953
2020-06-25 13:30:04,29.15,979.740234375,35.5242118835
2020-06-25 14:00:03,28.33,979.833007812,36.3492965698
2020-06-25 14:30:04,29.6,979.780517578,35.7603874207
2020-06-25 15:00:04,29.62,979.555664062,34.3954696655
2020-06-25 15:30:04,29.89,979.511474609,36.2971534729
2020-06-25 16:00:04,29.78,979.175292969,34.6715202332
2020-06-25 16:30:04,29.24,978.801269531,36.4014396667
2020-06-25 17:00:04,30.0,978.931152344,36.2818183899
2020-06-25 17:30:04,30.23,978.895996094,35.9658927917
2020-06-25 18:00:04,30.42,978.816650391,35.4444618225
2020-06-25 18:30:04,30.22,978.772949219,34.7297973633
2020-06-25 19:00:04,30.31,978.784667969,36.3492965698
2020-06-25 19:30:04,30.22,978.748291016,36.34009552
2020-06-25 20:00:04,30.33,979.210693359,37.3860206604
2020-06-25 20:30:03,30.09,979.370605469,37.21118927
2020-06-25 21:00:04,29.89,979.406738281,37.2878684998
2020-06-25 21:30:04,30.11,979.858398438,38.1436271667
2020-06-25 22:00:04,30.09,979.828125,38.7724113464
2020-06-25 22:30:03,29.69,979.617919922,40.4716567993
2020-06-25 23:00:03,30.0,979.779785156,39.4748077393
2020-06-25 23:30:04,29.62,979.859619141,39.4778747559
2020-06-26 00:00:04,29.28,979.778076172,39.551486969
2020-06-26 00:30:04,28.82,979.845703125,40.1894721985
2020-06-26 01:00:04,28.86,980.009521484,39.9993057251
2020-06-26 01:30:03,28.31,979.899658203,40.6127510071
2020-06-26 02:00:03,28.33,979.979003906,40.8980026245
2020-06-26 02:30:04,27.82,980.004882812,40.7323722839
2020-06-26 03:00:04,27.79,979.975341797,40.7323722839
2020-06-26 03:30:04,27.21,979.956542969,40.1097259521
2020-06-26 04:00:04,27.26,979.901855469,41.0605697632
2020-06-26 04:30:04,26.92,979.937011719,41.1311149597
2020-06-26 05:00:04,26.41,979.825927734,41.9531326294
2020-06-26 05:30:04,26.52,979.903564453,41.8304443359
2020-06-26 06:00:03,26.41,979.958251953,41.9960746765
2020-06-26 06:30:03,26.32,980.201904297,42.0298156738
2020-06-26 07:00:03,26.88,980.151611328,42.2690582275
2020-06-26 07:30:04,26.97,980.250976562,43.956035614
2020-06-26 08:00:04,27.06,980.343505859,46.0724258423
2020-06-26 08:30:04,26.95,980.395751953,47.4802856445
2020-06-26 09:00:03,28.2,980.248046875,45.1553268433
2020-06-26 09:30:03,28.73,980.080566406,44.6983070374
2020-06-26 10:00:04,29.35,979.870849609,44.0357818604
2020-06-26 10:30:04,29.38,979.891601562,44.087928772
2020-06-26 11:00:04,30.0,979.704101562,43.845615387
2020-06-26 11:30:04,29.04,979.684326172,42.035949707
2020-06-26 12:00:03,29.42,979.499511719,41.2722053528
2020-06-26 12:30:04,29.18,979.294433594,37.2602653503
2020-06-26 13:00:04,29.78,978.922363281,34.5641670227
2020-06-26 13:30:04,29.4,978.647949219,34.1592903137
2020-06-26 14:00:04,30.0,978.458251953,33.1287002563
2020-06-26 14:30:04,30.6,978.147949219,34.2329063416
2020-06-26 15:00:04,30.69,977.713623047,36.3922386169
2020-06-26 15:30:04,30.94,977.581298828,35.2941665649
2020-06-26 16:00:03,31.09,977.345947266,34.5703010559
2020-06-26 16:30:04,31.16,977.30859375,33.3342056274
2020-06-26 17:00:04,31.22,977.386230469,32.8618507385
2020-06-26 17:30:04,31.56,977.369140625,32.7974395752
2020-06-26 18:00:03,32.01,977.395019531,33.840297699
2020-06-26 18:30:04,31.87,977.456054688,29.6749954224
2020-06-26 19:00:04,31.83,977.615234375,29.5277690887
2020-06-26 19:30:04,32.09,977.710693359,30.5706272125
2020-06-26 20:00:03,32.21,977.705078125,32.4907150269
2020-06-26 20:30:03,31.8,977.68359375,33.9691238403
2020-06-26 21:00:04,31.76,978.010009766,34.3187866211
2020-06-26 21:30:04,31.76,978.212402344,36.6008110046
2020-06-26 22:00:04,31.4,978.335693359,35.8278656006
2020-06-26 22:30:03,31.25,978.188964844,36.0517730713
2020-06-26 23:00:03,30.87,978.118652344,35.2144203186
2020-06-26 23:30:03,30.42,977.992919922,35.6254272461
2020-06-27 00:00:04,30.0,977.703125,35.9413528442
2020-06-27 00:30:04,29.71,977.467285156,35.7695884705
2020-06-27 01:00:03,29.51,977.368652344,35.8892097473
2020-06-27 01:30:03,28.98,977.16796875,36.0793800354
2020-06-27 02:00:04,28.49,977.042236328,36.7204322815
2020-06-27 02:30:03,28.35,977.322509766,36.5210609436
2020-06-27 03:00:03,28.04,977.430908203,36.8615226746
2020-06-27 03:30:03,27.71,977.299316406,37.1774482727
2020-06-27 04:00:03,27.39,976.745849609,37.7050132751
2020-06-27 04:30:03,27.1,976.560791016,37.536315918
2020-06-27 05:00:03,27.06,976.645263672,38.229511261
2020-06-27 05:30:03,26.48,976.400390625,38.7080001831
2020-06-27 06:00:03,26.72,976.265869141,39.4257316589
2020-06-27 06:30:03,26.92,975.923339844,39.683380127
2020-06-27 07:00:04,27.35,976.307128906,40.7139701843
2020-06-27 07:30:04,27.71,975.981933594,42.066619873
2020-06-27 08:00:04,27.9,975.646972656,42.6187210083
2020-06-27 08:30:04,28.08,975.461181641,42.9131774902
2020-06-27 09:00:04,28.13,975.466552734,43.6247749329
2020-06-27 09:30:04,28.29,974.993652344,43.2383041382
2020-06-27 10:00:03,28.22,974.569091797,44.2688941956
2020-06-27 10:30:04,28.4,974.373046875,45.5786018372
2020-06-27 11:00:04,28.24,974.690429688,48.056930542
2020-06-27 11:30:04,28.29,974.747070312,48.1612129211
2020-06-27 12:00:04,28.28,974.859375,49.651889801
2020-06-27 12:30:04,28.66,974.723388672,48.6182327271
2020-06-27 13:00:04,28.91,974.157714844,47.6888580322
2020-06-27 13:30:04,29.51,973.878662109,47.3821372986
2020-06-27 14:00:03,27.48,973.239990234,50.8113021851
2020-06-27 14:30:03,26.95,973.065429688,51.3480682373
2020-06-27 15:00:04,27.21,972.708496094,53.1424026489
2020-06-27 15:30:03,28.08,972.729248047,48.7378540039
2020-06-27 16:00:03,28.35,972.865478516,49.0997848511
2020-06-27 16:30:04,29.27,972.892089844,48.9954986572
2020-07-16 11:00:06,28.73,0,49.2868881226
2020-07-16 11:30:03,29.09,989.915039062,50.3849563599
2020-07-16 12:00:03,29.65,989.905029297,49.719367981
2020-07-16 12:30:04,29.55,990.03125,49.3114242554
2020-07-16 13:00:04,29.82,989.534667969,49.8727302551
2020-07-16 13:30:04,30.05,989.180175781,49.783782959
2020-07-16 14:00:04,30.11,989.068847656,49.3973083496
2020-07-16 14:30:04,30.11,989.20703125,49.2286109924
2020-07-16 15:00:04,29.6,988.999511719,46.8177642822
2020-07-16 15:30:04,30.56,988.659912109,45.2596092224
2020-07-16 16:00:04,30.6,988.676269531,44.0235137939
2020-07-16 16:30:03,30.81,988.354980469,43.2597732544
2020-08-30 20:30:08,24.39,0,58.9977493286
2020-08-30 21:00:05,27.57,978.769287109,50.5475234985
2020-08-31 13:00:09,27.55,0,39.5760269165
2020-08-31 13:30:07,27.93,984.0390625,41.8181762695
2020-08-31 14:00:07,28.2,983.976318359,42.2353172302
2020-08-31 14:30:07,28.42,983.830322266,42.8395614624
2020-08-31 15:00:06,28.02,983.8984375,43.6585159302
2020-08-31 15:30:06,28.33,983.596435547,42.7199401855
2020-08-31 16:00:06,28.19,983.474365234,42.2567901611
2020-08-31 16:30:07,27.84,983.429931641,43.1953620911
2020-08-31 17:00:07,27.51,983.402832031,44.4314575195
2020-08-31 17:30:06,27.33,983.456298828,44.6032218933
2020-08-31 18:00:06,27.08,983.899169922,44.8516693115
2020-08-31 18:30:06,27.53,984.055664062,46.1337738037
2020-08-31 19:00:06,27.71,983.841308594,46.5141105652
2020-08-31 19:30:07,27.24,983.820556641,47.4005393982
2020-08-31 20:00:07,27.66,984.34375,46.2687301636
2020-08-31 20:30:06,27.57,984.278076172,46.4251594543
2020-08-31 21:00:06,26.64,984.496826172,48.3207092285
2020-08-31 21:30:06,26.68,984.922851562,48.133605957
2020-08-31 22:00:06,26.64,985.109863281,48.0753326416
2020-08-31 22:30:06,26.57,985.275878906,47.3882713318
2020-08-31 23:00:07,26.3,984.907714844,48.102935791
2020-08-31 23:30:06,25.99,984.832519531,47.9526443481
2020-09-01 00:00:06,25.68,984.900878906,48.538482666
2020-09-01 00:30:06,25.64,985.181884766,48.7869300842
2020-09-01 01:00:06,25.55,985.182861328,50.6794128418
2020-09-01 01:30:06,25.55,985.138183594,47.5017585754
2020-09-01 02:00:06,25.37,985.416015625,47.9219703674
2020-09-01 02:30:07,25.17,985.243896484,47.7164649963
2020-09-01 03:00:06,25.41,985.437011719,47.2778511047
2020-09-01 03:30:06,25.08,985.855712891,48.4863433838
2020-09-01 04:00:06,25.26,985.690917969,48.6979789734
2020-09-01 04:30:06,25.21,985.437011719,48.6550369263
2020-09-01 05:00:07,24.97,985.351806641,48.9218902588
2020-09-01 05:30:07,25.14,985.536865234,49.0323104858
2020-09-01 06:00:06,25.01,985.44921875,49.556804657
2020-09-01 06:30:06,25.23,985.657714844,48.796131134
2020-09-01 07:00:06,25.12,985.796386719,49.2255439758
2020-09-01 07:30:07,25.12,986.028564453,48.9770965576
2020-09-01 08:00:07,25.28,986.023193359,49.9432754517
2020-09-01 08:30:06,26.01,985.96484375,49.4709243774
2020-09-01 09:00:06,26.44,985.844482422,48.3943252563
2020-09-01 09:30:07,26.75,985.867675781,49.6825637817
2020-09-01 10:00:06,26.66,986.115478516,50.1334457397
2020-09-01 10:30:06,26.77,986.084716797,49.4157104492
2020-09-01 11:00:06,26.84,986.179199219,51.0720214844
2020-09-01 11:30:07,27.04,986.238037109,47.9066314697
2020-09-01 12:00:06,26.73,986.120605469,50.9800033569
2020-09-01 12:30:06,27.3,985.840576172,49.6426849365
2020-09-01 13:00:07,27.08,985.882324219,50.6272697449
2020-09-12 14:30:08,21.58,0,68.2423934937
2020-09-12 15:00:33,28.88,1003.95825195,46.1889801025
2020-09-12 15:30:07,29.98,1003.50170898,45.4160385132
2020-09-12 16:00:06,29.84,1003.23657227,45.9129333496
2020-09-12 16:30:07,28.91,1003.02978516,47.9495773315
2020-09-12 17:00:06,28.78,1002.82080078,47.8698272705
2020-09-12 17:30:06,28.71,1002.79418945,48.02318573
2020-09-12 18:00:06,28.66,1002.56054688,48.5844917297
2020-09-12 18:30:07,28.62,1002.43310547,48.5998306274
2020-09-12 19:00:07,29.04,1002.48876953,48.2900390625
2020-09-12 19:30:06,28.77,1002.41821289,48.1765518188
2020-09-12 20:00:06,28.75,1002.24755859,48.3912582397
2020-09-12 20:30:07,28.75,1002.13989258,49.4341163635
2020-09-12 21:00:06,28.55,1002.70678711,49.541469574
2020-09-12 21:30:06,28.6,1002.45751953,49.829788208
2020-09-12 22:00:06,28.44,1002.41064453,49.5537376404
2020-09-12 22:30:06,28.49,1002.27856445,49.5322647095
2020-09-12 23:00:06,28.33,1001.84741211,50.0444946289
2020-09-12 23:30:06,28.46,1001.44848633,47.6091117859
2020-09-13 00:00:06,28.78,1001.15869141,48.9985694885
2020-09-13 00:30:06,28.8,1000.82055664,48.8083992004
2020-09-13 01:00:07,28.82,1000.86962891,49.2255439758
2020-09-13 01:30:06,28.64,1000.58691406,49.1641998291
2020-09-13 02:00:06,28.46,1000.3671875,48.8912162781
2020-09-13 02:30:06,28.8,1000.31225586,48.9709625244
2020-09-13 03:00:06,28.73,1000.09741211,48.8268051147
2020-09-13 03:30:06,28.77,1000.05664062,46.5723876953
2020-09-13 04:00:06,28.71,999.607666016,49.5291976929
2020-09-13 04:30:06,28.49,999.309814453,48.4372634888
2020-09-13 05:00:07,28.46,999.071289062,48.8145370483
2020-09-13 05:30:06,28.51,999.121582031,48.360584259
2020-09-13 06:00:06,28.62,998.612304688,48.5660858154
2020-09-13 06:30:06,28.51,998.644042969,48.8850784302
2020-09-13 07:00:06,28.35,998.650146484,48.7255859375
2020-09-13 07:30:06,28.44,998.613525391,48.3452453613
2020-09-13 08:00:06,28.6,998.153320312,48.1826858521
2020-09-13 08:30:06,28.42,997.639404297,47.4158782959
2020-09-13 09:00:08,28.28,0,50.1395797729
2020-09-13 09:30:06,28.37,996.972900391,48.8268051147
2020-09-13 10:00:06,28.33,996.892578125,49.3727722168
2020-09-13 10:30:06,28.31,996.689453125,47.1030197144
2020-09-13 11:00:06,28.48,996.618896484,49.9800834656
2020-09-13 11:30:06,28.6,996.062988281,49.3819732666
2020-09-13 12:00:06,28.51,996.246826172,51.6302566528
2020-09-13 12:30:06,28.66,995.77734375,51.7621459961
2020-09-13 13:00:07,28.64,995.625244141,52.6424407959
2020-09-13 13:30:06,28.22,996.047851562,52.8448791504
2020-09-13 14:00:06,28.11,996.043457031,53.4399223328
2020-09-13 14:30:06,28.35,996.225341797,52.8816871643
2020-09-13 15:00:06,28.26,995.781005859,54.1791267395
2020-09-13 15:30:07,28.11,995.680908203,54.7312278748
2020-09-13 16:00:06,28.04,995.719238281,55.6268615723
2020-09-13 16:30:07,28.2,995.7734375,56.1268196106
2020-09-13 17:00:06,28.08,996.014892578,56.1114845276
2020-09-13 17:30:06,28.67,996.337890625,55.4060211182
2020-09-13 18:00:07,28.48,996.193603516,55.025680542
2020-09-13 18:30:06,28.69,996.029052734,54.3048858643
2020-09-13 19:00:06,28.77,996.231933594,54.654548645
2020-09-13 19:30:07,28.33,996.362548828,56.543964386
2020-09-13 20:00:06,28.57,996.678466797,55.4520263672
2020-09-13 20:30:06,28.4,997.547363281,57.0009841919
2020-09-13 21:00:07,28.42,998.265136719,55.8477020264
2020-09-13 21:30:06,28.35,998.520507812,55.6207275391
2020-09-13 22:00:06,28.6,998.586914062,54.6576156616
2020-09-13 22:30:06,28.73,998.789550781,54.1944618225
2020-09-13 23:00:07,28.23,999.077148438,54.6361465454
2020-09-13 23:30:08,28.63,999.022949219,53.3847122192
2020-09-14 00:00:07,28.53,999.223388672,55.5685806274
2020-09-14 00:30:07,29.47,999.574707031,53.1301345825
2020-09-14 01:00:06,29.82,999.678222656,50.1457138062
2020-09-14 01:30:06,29.24,1000.0390625,50.9462623596
2020-09-14 02:00:06,29.51,1000.29394531,50.7898330688
2020-09-14 02:30:06,29.53,1000.42919922,50.1487808228
2020-09-14 03:00:06,29.4,1000.84301758,49.348236084
2020-09-14 03:30:06,29.58,1001.10400391,50.25
2020-09-14 04:00:07,29.27,1001.31835938,49.6549568176
2020-09-14 04:30:06,29.38,1001.60107422,50.4279022217
2020-09-14 05:00:07,29.11,1001.71899414,49.4402503967
2020-09-14 05:30:07,29.33,1001.97460938,47.572303772
2020-09-14 06:00:06,29.07,1002.46289062,49.734703064
2020-09-14 06:30:07,29.31,1002.89355469,49.5138626099
2020-09-14 07:00:06,29.27,1003.38354492,48.1857528687
2020-09-14 07:30:06,28.91,1003.64135742,51.4554214478
2020-09-14 08:00:08,25.73,0,58.1327896118
2020-09-14 08:30:09,24.25,0,70.6992492676
2020-09-14 09:00:06,29.87,1005.09448242,51.8633651733
2020-09-14 09:30:06,30.0,1005.51977539,50.6088638306
2020-09-14 10:00:06,30.43,1005.92480469,49.6733627319
2020-09-14 10:30:06,30.2,1006.29858398,48.0354576111
2020-09-14 11:00:06,30.6,1006.3659668,48.0599975586
2020-09-14 11:30:07,30.76,1006.56958008,47.587638855
2020-09-14 12:00:07,31.2,1006.78149414,43.8118743896
2020-09-14 12:30:06,30.82,1006.86035156,44.4559936523
2020-09-14 13:00:06,30.96,1006.96069336,44.2504882812
2020-09-14 13:30:06,30.73,1007.03515625,43.5511627197
2020-09-14 14:00:06,31.34,1006.92895508,40.3551025391
2020-09-14 14:30:06,31.03,1007.0078125,44.943687439
2020-09-14 15:00:06,31.09,1007.13354492,41.4040985107
2020-09-14 15:30:06,30.93,1007.24536133,43.3241882324
2020-09-14 16:00:06,30.93,1007.34301758,41.9377975464
2020-09-14 16:30:06,30.73,1007.48876953,43.3333892822
2020-09-14 17:00:06,30.45,1007.75634766,42.8180923462
2020-09-14 17:30:06,30.49,1008.01586914,42.8549003601
2020-09-14 18:00:06,30.64,1008.24560547,43.1309509277
2020-09-14 18:30:06,30.54,1008.25219727,41.1924591064
2020-09-14 19:00:06,30.87,1008.2956543,41.1188430786
2020-09-14 19:30:07,30.96,1008.35717773,42.6432609558
2020-09-14 20:00:07,30.78,1008.48046875,42.3273353577
2020-09-14 20:30:07,30.82,1008.6809082,42.24451828
2020-09-14 21:00:07,30.72,1008.99194336,41.5390548706
2020-09-14 21:30:06,30.33,1009.07324219,44.6216278076
2020-09-14 22:00:06,30.38,1009.16674805,39.6956481934
2020-09-14 22:30:06,30.25,1009.15673828,39.7508583069
2020-09-14 23:00:06,30.54,1009.21142578,39.1926231384
2020-09-14 23:30:06,30.44,1009.37841797,39.7508583069
2020-09-15 00:00:06,30.11,1009.47802734,40.2784233093
2020-09-15 00:30:06,30.0,1009.63183594,40.4409866333
2020-09-15 01:00:06,29.84,1009.64868164,40.2784233093
2020-09-15 01:30:07,29.76,1009.74560547,40.5974159241
2020-09-15 02:00:07,29.65,1009.80639648,39.5484199524
2020-09-15 02:30:06,29.62,1009.63696289,39.888885498
2020-09-15 03:00:06,29.53,1009.59936523,40.3367004395
2020-09-15 03:30:07,29.15,1009.78930664,40.1956062317
2020-09-15 04:00:07,29.29,1009.66650391,40.4655227661
2020-09-15 04:30:06,29.13,1009.68334961,42.5328407288
2020-09-15 05:00:07,28.66,1009.93432617,41.1035079956
2020-09-15 05:30:06,28.66,1009.97119141,40.8550643921
2020-09-15 06:00:06,28.42,1010.2121582,38.5883789062
2020-09-15 06:30:07,28.44,1010.52392578,40.8550643921
2020-09-15 07:00:07,27.95,1010.5871582,41.5789299011
2020-09-15 07:30:06,27.97,1010.62817383,40.6464920044
2020-09-15 08:00:06,27.82,1010.66699219,41.6617431641
2020-09-15 08:30:06,27.88,1010.70019531,42.6463279724
2020-09-15 09:00:07,28.02,1010.72802734,43.1248168945
2020-09-15 09:30:07,27.86,1010.7199707,44.0296478271
2020-09-15 10:00:07,27.93,1010.63378906,43.3088493347
2020-09-15 10:30:06,28.06,1010.49194336,42.6524620056
2020-09-15 11:00:06,28.11,1010.07543945,43.4407424927
2020-09-15 11:30:07,28.02,1009.77319336,46.0417556763
2020-09-15 12:00:06,28.15,1009.6171875,45.3086853027
2020-09-15 12:30:05,28.42,1008.99365234,42.8058242798
2020-09-15 13:00:06,28.53,1008.44921875,42.2567901611
2020-09-15 13:30:05,28.55,1008.25219727,41.92552948
2020-09-15 14:00:06,28.96,1007.85449219,42.1862411499
2020-09-15 14:30:06,29.29,1007.61254883,40.9777526855
2020-09-15 15:00:07,28.98,1007.21923828,42.2813262939
2020-09-15 15:30:07,29.18,1006.86791992,41.615737915
2020-09-15 16:00:06,29.67,1006.61279297,42.05128479
2020-09-15 16:30:06,29.78,1006.63476562,41.4623756409
2020-09-15 17:00:06,28.84,1006.32446289,43.5848999023
2020-09-15 17:30:07,28.58,1006.09448242,43.3088493347
2020-09-15 18:00:06,28.62,1005.95800781,44.6369628906
2020-09-15 18:30:06,28.42,1005.72436523,44.198348999
2020-09-15 19:00:06,28.55,1005.68164062,43.5634307861
2020-09-15 19:30:06,28.38,1005.52246094,43.956035614
2020-09-15 20:00:06,28.2,1005.38818359,43.6707839966
2020-09-15 20:30:06,27.93,1005.24365234,45.0111656189
2020-09-15 21:00:07,27.95,1005.22949219,43.7536010742
2020-09-15 21:30:06,28.13,1004.78930664,43.8364143372
2020-09-15 22:00:06,27.86,1004.70068359,45.0725097656
2020-09-15 22:30:06,27.8,1004.25805664,43.535823822
2020-09-15 23:00:06,28.4,1004.04638672,42.1433029175
2020-09-15 23:30:06,28.6,1003.89697266,43.4898147583
2020-09-16 00:00:07,28.51,1003.83129883,40.8581314087
2020-09-16 00:30:06,27.04,1003.54394531,44.5664138794
2020-09-16 01:00:06,26.91,1003.35546875,44.3149032593
2020-09-16 01:30:06,26.86,1003.09570312,45.40990448
2020-09-16 02:00:06,26.82,1002.90063477,45.3516273499
2020-09-16 02:30:06,26.77,1002.39892578,45.2841491699
2020-09-16 03:00:06,26.86,1002.0144043,45.1185188293
2020-09-16 03:30:06,26.8,1001.86645508,44.4928016663
2020-09-16 04:00:06,26.62,1001.53930664,44.8455352783
2020-09-16 04:30:06,26.62,1001.67260742,44.4774665833
2020-09-16 05:00:06,26.5,1001.67089844,45.652217865
2020-09-16 05:30:06,26.44,1001.54272461,43.6339759827
2020-09-16 06:00:07,26.57,1001.72900391,44.0633888245
2020-09-16 06:30:06,26.15,1002.08203125,45.6491470337
2020-09-16 07:00:06,26.17,1002.41113281,44.3149032593
2020-09-16 07:30:09,26.15,0,48.1520118713
2020-09-16 08:00:07,27.51,1002.30297852,44.7075080872
2020-09-16 08:30:06,27.62,1002.12231445,43.4499435425
2020-09-16 09:00:06,28.13,1001.99658203,43.0665397644
2020-09-16 09:30:06,28.44,1001.58422852,43.66771698
2020-09-16 10:00:06,28.6,1001.79907227,43.8885574341
2020-09-16 10:30:06,28.87,1001.50390625,42.502166748
2020-09-16 11:00:06,28.62,1001.18994141,41.8028373718
2020-09-16 11:30:06,28.64,1000.82299805,39.7723312378
2020-09-16 12:00:06,28.02,1000.51733398,39.0024528503
2020-09-16 12:30:06,28.6,1000.13989258,40.1894721985
2020-09-16 13:00:07,28.71,999.900634766,40.7753143311
2020-09-16 13:30:07,29.42,999.531982422,39.3367805481
2020-09-16 14:00:06,27.77,999.268554688,39.0975379944
2020-09-16 14:30:06,28.24,998.858642578,38.6343841553
2020-09-16 15:00:06,28.33,998.479980469,37.6436691284
2020-09-16 15:30:06,28.46,998.020996094,37.919719696
2020-09-16 16:00:06,28.71,997.784667969,38.3337974548
2020-09-16 16:30:06,28.2,997.836181641,38.8674964905
2020-09-16 17:00:06,28.38,997.456298828,38.8797645569
2020-09-16 17:30:07,29.09,997.235107422,37.7663574219
2020-09-16 18:00:06,29.29,996.979492188,39.3061103821
2020-09-16 18:30:06,28.82,996.766357422,35.5794219971
2020-09-16 19:00:07,28.57,997.059570312,37.6160621643
2020-09-16 19:30:06,28.51,997.250488281,36.4045066833
2020-09-16 20:00:07,28.38,997.530029297,35.7450523376
2020-09-16 20:30:06,28.82,997.992675781,35.7603874207
2020-09-16 21:00:07,28.91,998.099121094,37.1069030762
2020-09-16 21:30:06,28.89,997.875732422,37.6988792419
2020-09-16 22:00:06,28.78,997.857177734,37.0670280457
2020-09-16 22:30:06,28.91,997.947753906,37.9227867126
2020-09-16 23:00:06,28.78,997.876464844,37.6160621643
2020-09-16 23:30:07,28.58,997.994873047,39.1036720276
2020-09-17 00:00:07,28.55,998.201171875,38.229511261
2020-09-17 00:30:06,28.6,998.171630859,38.7785453796
2020-09-17 01:00:06,28.51,997.950439453,39.6005630493
2020-09-17 01:30:06,28.48,997.884765625,39.211025238
2020-09-17 02:00:07,28.42,997.740478516,39.6864471436
2020-09-17 02:30:06,28.55,997.592041016,37.5056419373
2020-09-17 03:00:07,28.4,997.45703125,40.149597168
2020-09-17 03:30:06,28.49,997.393066406,40.2048110962
2020-09-17 04:00:07,28.53,997.397460938,42.2721252441
2020-09-17 04:30:07,28.44,997.314697266,40.759979248
2020-09-17 05:00:06,28.42,997.280273438,40.7722473145
2020-09-17 05:30:06,28.31,997.191650391,41.3366165161
2020-09-17 06:00:06,28.51,997.204345703,41.4225006104
2020-09-17 06:30:06,28.53,997.286865234,38.8674964905
2020-09-17 07:00:06,27.86,997.606445312,43.3487243652
2020-09-17 07:30:06,27.71,997.817138672,42.9009094238
2020-09-17 08:00:07,28.11,997.918701172,41.8917884827
2020-09-17 08:30:07,28.2,998.012695312,42.3242683411
2020-09-17 09:00:07,28.53,998.346435547,42.7260742188
2020-09-17 09:30:07,28.57,998.713134766,43.7106552124
2020-09-17 10:00:06,28.95,998.845458984,42.6954040527
2020-09-17 10:30:06,28.87,998.962158203,43.4008674622
2020-09-17 11:00:06,28.93,999.243164062,44.1247329712
2020-09-17 11:30:06,28.89,999.464111328,43.3027153015
2020-09-17 12:00:07,28.75,999.611083984,46.1675109863
2020-09-17 12:30:06,28.53,999.790527344,45.0909118652
2020-09-17 13:00:06,28.49,999.974609375,45.3086853027
2020-09-17 13:30:06,28.82,999.866210938,44.6522979736
2020-09-17 14:00:07,28.96,999.739746094,44.3394393921
2020-09-17 14:30:07,28.64,999.679199219,44.1738090515
2020-09-17 15:00:07,28.98,999.490234375,45.8055801392
2020-09-17 15:30:06,29.0,999.322265625,43.0082626343
2020-09-17 16:00:07,28.98,999.288085938,42.2659912109
2020-09-17 16:30:06,29.11,999.042480469,42.5573768616
2020-09-17 17:00:07,28.75,999.021728516,44.4682655334
2020-09-17 17:30:06,29.16,999.089355469,48.70104599
2020-09-17 18:00:06,28.93,999.097167969,47.1888999939
2020-09-17 18:30:06,29.18,999.103027344,46.0233535767
2020-09-17 19:00:06,29.09,999.166259766,45.3608283997
2020-09-17 19:30:06,29.2,999.451660156,46.0754928589
2020-09-17 20:00:06,28.95,999.833007812,45.2657470703
2020-09-17 20:30:07,28.75,1000.03466797,46.6552009583
2020-09-17 21:00:07,29.02,1000.27832031,46.9864654541
2020-09-17 21:30:07,29.27,1000.41943359,46.4128913879
2020-09-17 22:00:07,29.18,1000.53833008,47.1490249634
2020-09-17 22:30:07,29.09,1000.50585938,48.7869300842
2020-09-17 23:00:06,29.22,1000.60180664,44.3394393921
2020-09-17 23:30:06,29.47,1000.5925293,42.4408226013
2020-09-18 00:00:06,29.18,1000.64575195,44.7075080872
2020-09-18 00:30:06,29.09,1000.60546875,45.5601997375
2020-09-18 01:00:06,29.25,1000.39257812,45.0172996521
2020-09-18 01:30:07,29.02,1000.18579102,45.1185188293
2020-09-18 02:00:06,28.55,1000.32226562,45.4988555908
2020-09-18 02:30:06,28.51,1000.08837891,45.1461219788
2020-09-18 03:00:06,28.13,999.933349609,45.136920929
2020-09-18 03:30:06,28.53,999.894775391,44.1707420349
2020-09-18 04:00:06,28.62,999.922119141,44.0787277222
2020-09-18 04:30:06,28.53,1000.12280273,43.5818328857
2020-09-18 05:00:06,28.31,1000.29516602,42.8395614624
2020-09-18 05:30:07,28.49,1000.49511719,43.0604019165
2020-09-18 06:00:07,28.29,1000.79174805,46.198184967
2020-09-18 06:30:06,27.95,1001.11669922,45.0725097656
2020-09-18 07:00:06,27.91,1001.50488281,44.0725898743
2020-09-22 21:00:07,27.48,0,48.8114700317
2020-09-22 21:30:04,28.22,997.499755859,46.2411270142
2020-09-22 22:00:06,28.64,997.480224609,46.1245727539
2020-09-22 22:30:06,27.86,997.174804688,46.8576393127
2020-09-22 23:00:06,27.75,997.047363281,46.0632247925
2020-09-22 23:30:06,27.68,997.006103516,45.3086853027
2020-09-23 00:00:05,27.73,996.740722656,44.6216278076
2020-09-23 00:30:05,29.2,996.466064453,41.6586761475
2020-09-23 01:00:06,28.95,996.027832031,43.0205307007
2020-09-23 01:30:04,29.02,995.742431641,41.7967033386
2020-09-23 02:00:06,28.77,995.557128906,42.2015762329
2020-09-23 02:30:04,28.53,995.388671875,42.0604858398
2020-09-23 03:00:06,28.66,995.046142578,41.6126708984
2020-09-23 03:30:06,28.6,994.736816406,42.3518714905
2020-09-23 04:00:06,28.58,994.608886719,42.5052337646
2020-09-23 04:30:07,28.6,994.461181641,42.1555709839
2020-09-23 05:00:06,28.42,994.454833984,42.3733444214
2020-09-23 05:30:05,29.33,994.588867188,40.8366584778
2020-09-23 06:00:06,29.31,994.563720703,41.4286346436
2020-09-23 06:30:07,29.87,994.551269531,41.0452308655
2020-09-23 07:00:06,29.62,994.57421875,40.5882110596
2020-09-23 07:30:05,29.36,994.864501953,38.0025367737
2020-09-23 08:00:06,29.36,994.798095703,40.8489303589
2020-09-23 08:30:05,29.26,994.884521484,41.5727958679
2020-09-23 09:00:06,29.06,995.030273438,42.2199821472
2020-09-23 09:30:06,29.13,995.08984375,41.9009895325
2020-09-23 10:00:06,29.27,995.134521484,41.9009895325
2020-09-23 10:30:06,29.6,995.158935547,43.9130935669
2020-09-23 11:00:05,29.62,995.229248047,44.118598938
2020-09-23 11:30:05,29.69,995.0703125,44.3731803894
2020-09-23 12:00:05,30.36,995.118896484,44.4314575195
2020-09-23 12:30:05,29.82,995.034912109,43.4928817749
2020-09-23 13:00:06,30.43,994.942382812,43.373260498
2020-09-23 13:30:06,29.78,994.551757812,45.2780151367
2020-09-23 14:00:05,29.33,994.47265625,46.796295166
2020-09-23 14:30:06,29.91,994.203369141,46.1859130859
2020-09-23 15:00:06,29.8,993.9140625,46.2717971802
2020-09-23 15:30:06,29.64,993.829345703,44.1646080017
2020-09-23 16:00:05,29.76,993.974121094,43.5296897888
2020-09-23 16:30:06,30.11,994.119873047,44.716709137
2020-09-23 17:00:06,29.91,994.165527344,44.3026351929
2020-09-23 17:30:06,29.71,994.411865234,43.7443962097
2020-09-23 18:00:07,29.69,994.558349609,45.7595710754
2020-09-23 18:30:06,29.6,994.733398438,43.8486824036
2020-09-23 19:00:06,29.02,994.782958984,41.876449585
2020-09-23 19:30:06,28.95,994.816894531,43.0818748474
2020-09-23 20:00:06,28.91,994.969238281,43.425403595
2020-09-23 20:30:06,28.66,995.136230469,44.0633888245
2020-09-23 21:00:06,28.69,995.265869141,44.360912323
2020-09-23 21:30:06,28.64,995.424560547,44.5020027161
2020-09-23 22:00:06,28.75,995.606689453,45.2749481201
2020-09-23 22:30:06,30.32,995.648193359,42.4438896179
2020-09-23 23:00:06,30.09,995.649169922,42.4960327148
2020-09-23 23:30:05,30.02,995.685791016,43.3027153015
2020-09-24 00:00:06,30.02,995.600341797,42.4101486206
2020-09-24 00:30:06,29.91,995.724609375,41.9040565491
2020-09-24 01:00:06,29.98,995.417480469,42.6187210083
2020-09-24 01:30:05,29.69,995.412841797,41.0912399292
2020-09-24 02:00:05,29.91,995.640869141,42.7935562134
2020-09-24 02:30:06,29.87,995.666503906,42.8855705261
2020-09-24 03:00:06,29.82,995.364990234,43.6278419495
2020-09-24 03:30:06,29.58,995.682128906,43.5879669189
2020-09-24 04:00:06,29.4,995.78515625,43.4008674622
2020-09-24 04:30:06,29.74,995.916259766,43.7965393066
2020-09-24 05:00:06,29.71,995.798828125,43.3640594482
2020-09-24 05:30:05,29.67,995.875488281,41.683216095
2020-09-24 06:00:05,29.22,996.071777344,44.2351531982
2020-09-24 06:30:06,29.42,996.130126953,43.8548164368
2020-09-24 07:00:06,29.2,996.225341797,45.0172996521
2020-09-24 07:30:05,29.07,996.486083984,44.2842292786
2020-09-24 08:00:06,29.2,996.499267578,45.2258720398
2020-09-24 08:30:05,29.62,996.709716797,44.8700714111
2020-09-24 09:00:06,30.0,996.791992188,43.9069595337
2020-09-24 09:30:06,29.87,996.921142578,43.7720031738
2020-09-24 10:00:05,29.78,997.082275391,43.4008674622
2020-09-24 10:30:06,29.96,997.228759766,43.603302002
2020-09-24 11:00:05,29.78,997.369384766,44.4467926025
2020-09-24 11:30:06,30.25,997.087646484,45.0418357849
2020-09-24 12:00:06,30.34,996.937255859,43.6769180298
2020-09-24 12:30:05,30.4,996.6796875,43.5818328857
2020-09-24 13:00:06,31.03,996.476318359,43.6278419495
2020-09-24 13:30:05,30.58,996.389160156,43.7965393066
2020-09-24 14:00:06,30.76,996.113525391,44.1400680542
2020-09-24 14:30:06,31.0,995.901855469,44.1124649048
2020-09-24 15:00:05,31.38,995.538818359,43.7474632263
2020-09-24 15:30:05,31.0,995.522216797,43.5910339355
2020-09-24 16:00:05,30.98,995.505615234,44.198348999
2020-09-24 16:30:06,31.29,995.545410156,44.0756568909
2020-09-24 17:00:06,31.32,995.640869141,43.9928436279
2020-09-24 17:30:06,31.27,995.942626953,44.5664138794
2020-09-24 18:00:06,31.25,996.255126953,45.7963752747
2020-09-24 18:30:07,31.54,996.192626953,45.2964172363
2020-09-24 19:00:05,31.51,996.464599609,45.1583938599
2020-09-24 19:30:06,31.18,996.651123047,46.4159584045
2020-09-24 20:00:05,31.41,996.9765625,46.1491088867
2020-09-24 20:30:06,31.02,997.234130859,46.5263786316
2020-09-24 21:00:06,31.0,997.404052734,46.538646698
2020-09-24 21:30:06,31.05,997.500732422,46.2595291138
2020-09-24 22:00:05,30.8,997.752685547,46.3116722107
2020-09-24 22:30:05,31.02,997.718505859,45.8485183716
2020-09-24 23:00:06,30.89,997.813476562,44.9038124084
2020-09-24 23:30:05,31.03,997.734863281,44.9344825745
2020-09-25 00:00:05,31.03,997.966308594,44.3057022095
2020-09-25 00:30:05,31.05,998.160888672,43.4192695618
2020-09-25 01:00:06,30.82,998.328857422,43.4898147583
2020-09-25 01:30:05,31.0,998.340820312,44.6860389709
2020-09-25 02:00:05,30.62,998.335449219,44.4897346497
2020-09-25 02:30:06,30.96,998.266601562,44.0235137939
2020-09-25 03:00:05,30.38,998.329101562,44.5173416138
2020-09-25 03:30:06,30.6,998.008544922,44.5296096802
2020-09-25 04:00:06,30.27,998.126464844,44.5817527771
2020-09-25 04:30:05,30.22,998.479003906,44.6553649902
2020-09-25 05:00:06,30.74,998.791015625,45.7380981445
2020-09-25 05:30:06,30.36,998.802978516,44.2750282288
2020-09-25 06:00:05,30.0,999.071289062,44.376247406
2020-09-25 06:30:05,29.84,999.431884766,42.7046051025
2020-09-25 07:00:06,30.02,999.750976562,43.9008255005
2020-09-25 07:30:05,29.95,999.957519531,44.4222564697
2020-09-25 08:00:05,29.78,1000.29321289,43.6554489136
2020-09-25 08:30:06,29.98,1000.59106445,44.2842292786
2020-09-25 09:00:05,30.36,1000.84594727,43.5634307861
2020-09-25 09:30:05,30.13,1001.14892578,43.0512008667
2020-09-25 10:00:05,30.29,1001.33837891,43.2229690552
2020-09-25 10:30:06,30.35,1001.21191406,43.1800270081
2020-09-25 11:00:06,30.4,1001.10913086,43.7014541626
2020-09-25 11:30:05,30.45,1000.96923828,42.7506141663
2020-09-25 12:00:06,30.98,1000.88232422,42.5083007812
2020-09-25 12:30:06,31.03,1000.91381836,43.0143966675
2020-09-25 13:00:05,31.02,1000.73632812,42.5512428284
2020-09-25 13:30:06,31.34,1000.41333008,41.8641815186
2020-09-25 14:00:05,31.31,1000.05297852,42.1064949036
2020-09-25 14:30:05,31.87,999.707275391,41.0636367798
2020-09-25 15:00:05,32.27,999.396728516,40.5299377441
2020-09-25 15:30:06,32.23,999.015380859,39.4410667419
2020-09-25 16:00:06,32.61,998.816162109,40.9440116882
2020-09-25 16:30:06,32.52,998.731933594,41.956199646
2020-09-25 17:00:07,32.16,998.802734375,43.5695648193
2020-09-25 17:30:06,31.34,998.883789062,44.4038543701
2020-09-25 18:00:06,31.65,998.819091797,44.9130134583
2020-09-25 18:30:06,31.83,998.93359375,45.0970458984
2020-09-25 19:00:06,31.51,998.814697266,41.5666618347
2020-09-25 19:30:06,31.59,998.947998047,43.5388946533
2020-09-25 20:00:06,31.49,998.956787109,45.1614608765
2020-09-25 20:30:04,31.43,998.983398438,44.3547744751
2020-09-25 21:00:05,31.16,999.104736328,45.425239563
2020-09-25 21:30:04,31.16,999.057617188,44.1830101013
2020-09-25 22:00:05,30.78,998.912353516,44.6829719543
2020-09-25 22:30:04,30.65,999.082763672,45.4160385132
2020-09-25 23:00:06,30.78,999.190429688,44.3823814392
2020-09-25 23:30:06,30.91,999.202636719,45.1553268433
2020-09-26 00:00:06,30.91,999.151611328,44.1216659546
2020-09-26 00:30:05,30.98,999.206054688,44.4161224365
2020-09-26 01:00:05,30.83,999.184814453,44.7197761536
2020-09-26 01:30:04,30.51,999.208984375,44.6983070374
2020-09-26 02:00:05,30.64,999.134033203,44.2688941956
2020-09-26 02:30:05,30.67,999.001220703,44.5326766968
2020-09-26 03:00:05,30.56,998.9609375,44.3149032593
2020-09-26 03:30:06,30.51,999.019287109,43.9069595337
2020-09-26 04:00:05,30.74,999.127441406,44.3425064087
2020-09-26 04:30:05,30.54,999.298095703,45.6460800171
2020-09-26 05:00:05,30.31,999.637207031,44.3946495056
2020-09-26 05:30:04,30.15,999.674804688,44.0541877747
2020-09-26 06:00:06,30.2,999.435302734,45.0817108154
2020-09-26 06:30:05,30.07,999.611816406,45.0234336853
2020-09-26 07:00:05,30.23,999.581787109,45.3056182861
2020-09-26 07:30:06,30.2,999.927246094,45.5755348206
2020-09-26 08:00:05,29.78,999.742675781,43.4683456421
2020-09-26 08:30:05,30.27,999.755126953,44.9651565552
2020-09-26 09:00:06,30.0,999.687744141,44.9252815247
2020-09-26 09:30:05,30.27,999.534912109,43.940700531
2020-09-26 10:00:05,30.11,999.518066406,44.7381820679
2020-09-26 10:30:06,30.63,998.918701172,43.5112876892
2020-09-26 11:00:04,30.38,998.547119141,43.2812423706
2020-09-26 11:30:06,30.83,998.260986328,44.1646080017
2020-09-26 12:00:05,31.63,998.025146484,43.4591445923
2020-09-26 12:30:04,31.34,997.706298828,43.2383041382
2020-09-26 13:00:06,31.58,997.091552734,43.2352371216
2020-09-26 13:30:05,31.67,996.536865234,42.4377555847
2020-09-26 14:00:05,31.85,996.125,43.278175354
2020-09-26 14:30:05,32.43,996.01953125,42.937713623
2020-09-26 15:00:06,31.2,995.736572266,45.9834785461
2020-09-26 15:30:06,31.32,995.974609375,44.7504501343
2020-09-26 16:00:05,29.73,995.977783203,50.1487808228
2020-09-26 16:30:05,30.87,996.025146484,48.3912582397
2020-09-26 17:00:06,30.31,996.016601562,51.0382766724
2020-09-26 17:30:05,30.0,995.754394531,50.5413894653
2020-09-26 18:00:05,31.78,995.785400391,46.701210022
2020-09-26 18:30:06,32.41,995.772460938,45.084777832
2020-09-26 19:00:06,32.52,995.920166016,45.1859970093
2020-09-26 19:30:06,30.4,996.204833984,52.5718955994
2020-09-26 20:00:05,29.44,996.421630859,52.3387870789
2020-09-26 20:30:05,29.67,996.165527344,51.7805480957
2020-09-26 21:00:07,30.76,996.43359375,50.0843696594
2020-09-26 21:30:06,29.94,996.337890625,52.3111801147
2020-09-26 22:00:06,29.53,996.059570312,53.6208877563
2020-09-26 22:30:06,29.94,996.427001953,53.6331596375
2020-09-26 23:00:07,29.94,996.356445312,52.1792907715
2020-09-26 23:30:06,31.34,996.450195312,46.0601577759
2020-09-27 00:00:05,31.38,996.372802734,47.121421814
2020-09-27 00:30:06,31.68,996.281738281,47.0447387695
2020-09-27 01:00:06,31.54,995.899169922,45.830116272
2020-09-27 01:30:06,31.36,995.87109375,47.394405365
2020-09-27 02:00:05,30.82,995.896484375,47.3115921021
2020-09-27 02:30:07,31.23,995.919677734,47.2134399414
2020-09-27 03:00:06,31.23,995.739257812,47.6397857666
2020-09-27 03:30:06,31.25,995.290283203,47.2563781738
2020-09-27 04:00:06,31.14,995.374511719,47.7348709106
2020-09-27 04:30:05,30.89,995.068359375,48.360584259
2020-09-27 05:00:06,31.03,994.937255859,48.1949539185
2020-09-27 05:30:05,30.76,995.118652344,47.9557113647
2020-09-27 06:00:06,30.65,995.160888672,48.9188232422
2020-09-27 06:30:06,30.47,995.285400391,51.2744560242
2020-09-27 07:00:06,30.72,995.431640625,47.6305847168
2020-09-27 07:30:06,30.78,995.411376953,47.409740448
2020-09-27 08:00:06,31.01,995.531982422,46.6736068726
2020-09-27 08:30:05,30.49,995.606201172,48.7470550537
2020-09-27 09:00:06,29.67,995.811523438,52.3878631592
2020-09-27 09:30:06,30.45,996.060302734,50.4401702881
2020-09-27 10:00:06,30.56,995.852783203,49.9555435181
2020-09-27 10:30:06,30.58,995.747070312,49.6549568176
2020-09-27 11:00:05,30.62,995.328613281,48.7991981506
2020-09-27 11:30:05,30.91,994.805175781,48.6120986938
2020-09-27 12:00:06,31.45,994.224609375,47.3698654175
2020-09-27 12:30:05,31.23,993.872314453,47.1275558472
2020-09-27 13:00:06,31.78,993.563964844,46.8668403625
2020-09-27 13:30:05,31.81,993.177246094,45.925201416
2020-09-27 14:00:06,32.03,992.861816406,45.4559135437
2020-09-27 14:30:06,32.45,992.388183594,45.7258300781
2020-09-27 15:00:05,32.5,992.053466797,44.4928016663
2020-09-27 15:30:06,33.03,992.008056641,43.6462478638
2020-09-27 16:00:06,32.92,991.873779297,44.2044830322
2020-09-27 16:30:07,32.99,991.783935547,44.6001548767
2020-09-27 17:00:06,32.56,991.599121094,45.1154518127
2020-09-27 17:30:06,30.09,991.780517578,53.363243103
2020-09-27 18:00:07,32.74,991.916015625,47.8636932373
2020-09-27 18:30:06,30.23,992.024902344,52.6884536743
2020-09-27 19:00:05,29.57,992.437988281,54.0073623657
2020-09-27 19:30:06,29.65,992.735107422,54.139251709
2020-09-27 20:00:06,30.23,992.908691406,51.3204650879
2020-09-27 20:30:05,30.11,992.898925781,49.348236084
2020-09-27 21:00:06,29.76,993.578613281,52.4584083557
2020-09-27 21:30:06,29.44,993.754882812,52.8939552307
2020-09-27 22:00:06,30.05,993.699462891,53.3264350891
2020-09-27 22:30:06,30.69,993.300537109,52.7712669373
2020-09-27 23:00:06,30.69,993.370849609,52.8786201477
2020-09-27 23:30:05,31.74,993.569824219,51.3051300049
2020-09-28 00:00:06,31.67,993.515869141,49.9586105347
2020-09-28 00:30:06,31.63,993.433105469,49.9739494324
2020-09-28 01:00:06,31.81,993.270263672,50.0966377258
2020-09-28 01:30:06,31.5,993.0,50.2377319336
2020-09-28 02:00:07,30.78,992.653320312,53.1485366821
2020-09-28 02:30:06,30.02,992.290039062,53.3295021057
2020-09-28 03:00:05,29.8,992.213867188,54.7803039551
2020-09-28 03:30:05,29.0,992.131835938,54.9459342957
2020-09-28 04:00:06,29.56,991.837646484,54.7128257751
2020-09-28 04:30:05,29.33,991.852783203,55.6299285889
2020-09-28 05:00:06,29.29,991.940917969,56.7709388733
2020-09-28 05:30:07,29.51,991.966796875,56.7279968262
2020-09-28 06:00:05,29.42,991.976318359,55.3201370239
2020-09-28 06:30:06,30.05,991.725585938,55.461227417
2020-09-28 07:00:06,30.29,991.500976562,54.3508911133
2020-09-28 07:30:06,29.73,991.573974609,54.09324646
2020-09-28 08:00:06,29.22,991.782470703,57.5530853271
2020-09-28 08:30:06,29.6,991.968505859,55.252658844
2020-09-28 09:00:06,28.71,992.086181641,60.7982177734
2020-09-28 09:30:06,29.24,992.170654297,57.4487991333
2020-09-28 10:00:06,29.56,992.010498047,57.3659820557
2020-09-28 10:30:06,29.89,992.040771484,55.8078269958
2020-09-28 11:00:05,30.27,991.608886719,53.8816070557
2020-09-28 11:30:06,30.42,991.080322266,52.9307632446
2020-09-28 12:00:06,30.8,991.061035156,50.3941574097
2020-09-28 12:30:06,31.12,990.808105469,50.8665161133
2020-09-28 13:00:06,31.18,990.838867188,49.9586105347
2020-09-28 13:30:06,31.25,990.327148438,49.7592430115
2020-09-28 14:00:07,31.8,989.847167969,50.605796814
2020-09-28 14:30:07,31.45,989.868408203,48.8574752808
2020-09-28 15:00:07,31.76,989.613525391,50.9861373901
2020-09-28 15:30:06,31.12,989.479980469,54.8385810852
2020-09-28 16:00:06,30.09,989.415771484,58.6419525146
2020-09-28 16:30:06,30.29,989.168945312,54.2742080688
2020-09-28 17:00:06,30.05,988.916259766,53.5196685791
2020-09-28 17:30:06,30.47,988.724853516,56.816947937
2020-09-28 18:00:07,32.16,988.775146484,55.703540802
2020-09-28 18:30:07,32.05,988.766113281,60.1418304443
2020-09-28 19:00:06,30.2,989.095214844,57.9242172241
2020-09-28 19:30:06,30.02,989.094238281,57.7432518005
2020-09-28 20:00:07,30.47,989.161376953,53.8447952271
2020-09-28 20:30:07,29.45,989.462646484,61.7061157227
2020-09-28 21:00:06,29.4,989.521240234,57.5162773132
2020-09-28 21:30:06,29.18,989.381591797,61.0405273438
2020-09-28 22:00:07,29.55,989.36328125,58.4977912903
2020-09-28 22:30:06,28.78,989.393798828,60.7767486572
2020-09-28 23:00:06,28.93,989.121826172,67.1473922729
2020-09-28 23:30:06,29.18,989.190429688,68.8098297119
2020-09-29 00:00:06,28.82,989.145996094,68.3804168701
2020-09-29 00:30:06,28.95,988.634521484,67.3375549316
2020-09-29 01:00:06,28.64,988.274169922,69.8434906006
2020-09-29 01:30:07,28.73,987.950195312,67.77003479
2020-09-29 02:00:07,30.52,988.024902344,58.1419906616
2020-09-29 02:30:06,31.92,988.053222656,53.6546287537
2020-09-29 03:00:06,31.87,987.888183594,52.124080658
2020-09-29 03:30:06,31.76,987.906982422,52.0351295471
2020-09-29 04:00:06,31.83,987.783691406,51.7468109131
2020-09-29 04:30:06,31.76,987.869628906,51.7836151123
2020-09-29 05:00:07,31.87,988.12890625,51.7345428467
2020-09-29 05:30:07,31.74,988.346923828,52.2559700012
2020-09-29 06:00:07,31.59,989.954589844,49.9800834656
2020-09-29 06:30:06,31.43,990.589111328,47.2870521545
2020-09-29 07:00:06,31.52,991.353759766,46.8545722961
2020-09-29 07:30:07,31.59,991.830566406,47.2533111572
2020-09-29 08:00:06,29.6,992.646484375,49.9800834656
2020-09-29 08:30:06,29.22,992.802490234,50.1089096069
2020-09-29 09:00:06,29.27,992.978515625,50.8634490967
2020-09-29 09:30:07,29.62,993.853027344,51.394077301
2020-09-29 10:00:06,29.58,994.043701172,47.7502059937
2020-09-29 10:30:07,29.58,994.184326172,49.667224884
2020-09-29 11:00:06,29.69,994.386474609,47.6336517334
2020-09-29 11:30:06,29.42,994.335449219,47.8912963867
2020-09-29 12:00:07,29.31,993.911376953,48.1244049072
2020-09-29 12:30:07,29.02,994.146972656,47.4036064148
2020-09-29 13:00:06,28.84,994.074951172,47.3391952515
2020-09-29 13:30:06,29.0,993.734130859,50.685546875
2020-09-29 14:00:06,29.0,993.917724609,49.1948699951
2020-09-29 14:30:06,28.53,993.571044922,46.1797790527
2020-09-29 15:00:06,28.13,993.729248047,48.4311294556
2020-09-29 15:30:06,27.79,993.464599609,49.6028137207
2020-09-29 16:00:07,28.22,992.865966797,49.3574371338
2020-09-29 16:30:06,27.86,993.525634766,49.3513031006
2020-09-29 17:00:06,27.69,992.849853516,49.6733627319
2020-09-29 17:30:06,27.86,992.783447266,51.3542022705
2020-09-29 18:00:06,27.64,992.907958984,50.8205032349
2020-09-29 18:30:06,27.21,992.604980469,51.0198745728
2020-09-29 19:00:07,27.33,992.231445312,51.4155502319
2020-09-29 19:30:07,27.82,991.972900391,50.1518478394
2020-09-29 20:00:06,27.46,992.099609375,50.2285308838
2020-09-29 20:30:06,27.84,992.058837891,49.6396179199
2020-09-29 21:00:06,27.51,991.413574219,51.0566825867
2020-09-29 21:30:07,27.55,991.139648438,49.8328552246
2020-09-29 22:00:06,27.37,990.186767578,50.2377319336
2020-09-29 22:30:06,26.95,990.023681641,51.3204650879
2020-09-29 23:00:06,27.19,989.885986328,50.8634490967
2020-09-29 23:30:06,28.04,989.295166016,47.3146591187
2020-09-30 00:00:07,27.88,988.725830078,47.394405365
2020-09-30 00:30:06,27.98,987.766845703,47.8054122925
2020-09-30 01:00:06,28.02,986.703857422,49.6733627319
2020-09-30 01:30:05,28.35,986.209228516,48.007850647
2020-09-30 02:00:05,28.06,986.064208984,47.7808761597
2020-09-30 02:30:06,28.22,985.144042969,47.556968689
2020-09-30 03:00:06,28.31,983.975585938,47.4281463623
2020-09-30 03:30:06,28.15,983.334472656,46.3822174072
2020-09-30 04:00:06,28.4,983.039550781,45.6706199646
2020-09-30 04:30:06,27.48,982.802246094,46.6889419556
2020-09-30 05:00:06,27.86,982.004638672,48.1642837524
2020-09-30 05:30:06,28.24,982.314697266,46.8913803101
2020-09-30 06:00:06,28.29,982.133056641,46.4374275208
2020-09-30 06:30:06,28.11,982.568115234,45.9742736816
2020-09-30 07:00:06,28.06,983.113525391,43.8977584839
2020-09-30 07:30:06,28.02,983.5703125,44.9191474915
2020-09-30 08:00:07,28.11,983.819824219,45.8055801392
2020-09-30 08:30:07,28.18,984.096191406,44.3639793396
2020-09-30 09:00:06,28.15,984.256103516,45.5847396851
2020-09-30 09:30:06,28.04,984.640869141,44.5112075806
2020-09-30 10:00:06,28.33,984.865966797,44.3946495056
2020-09-30 10:30:07,27.75,984.965087891,44.7473831177
2020-09-30 11:00:05,27.97,985.271240234,43.0604019165
2020-09-30 11:30:07,28.09,985.373535156,42.0880889893
2020-09-30 12:00:06,28.35,985.134521484,41.7506942749
2020-09-30 12:30:06,28.15,985.255615234,40.1250610352
2020-09-30 13:00:06,28.13,985.166015625,40.0269088745
2020-09-30 13:30:05,28.15,985.280273438,39.1987571716
2020-09-30 14:00:05,28.44,985.458007812,37.987197876
2020-09-30 14:30:07,28.49,985.833984375,37.4228286743
2020-09-30 15:00:06,28.4,986.059570312,38.0914840698
2020-09-30 15:30:06,28.8,985.768310547,39.2355651855
2020-09-30 16:00:05,29.13,985.743164062,39.3521194458
2020-09-30 16:30:06,29.0,985.642089844,37.373752594
2020-09-30 17:00:06,28.98,985.356933594,37.6590042114
2020-09-30 17:30:06,29.11,985.647460938,38.2203102112
2020-09-30 18:00:05,29.02,985.683837891,37.9902648926
2020-09-30 18:30:06,29.38,985.872070312,38.7233352661
2020-09-30 19:00:06,29.25,986.079101562,40.6158180237
2020-09-30 19:30:06,29.2,986.419677734,38.7724113464
2020-09-30 20:00:06,28.77,986.480957031,37.0639610291
2020-09-30 20:30:06,28.87,986.259033203,37.3154754639
2020-09-30 21:00:07,28.64,986.320068359,36.9596748352
2020-09-30 21:30:06,28.58,986.340087891,35.2665634155
2020-09-30 22:00:05,28.24,986.582763672,36.6437492371
2020-09-30 22:30:06,28.51,988.35546875,37.2357254028
2020-09-30 23:00:06,28.57,988.284179688,37.9994659424
2020-09-30 23:30:06,28.55,988.336669922,39.0361938477
2020-10-01 00:00:05,28.64,988.331298828,39.4318656921
2020-10-01 00:30:05,28.26,988.188232422,39.7079162598
2020-10-01 01:00:06,28.87,988.117675781,39.1772842407
2020-10-01 01:30:05,28.66,988.468994141,40.8519973755
2020-10-01 02:00:06,28.42,988.738525391,40.7661132812
2020-10-01 02:30:06,28.6,988.808837891,40.3428344727
2020-10-01 03:00:05,28.4,988.860107422,41.1372489929
2020-10-01 03:30:05,28.24,988.875,41.3090133667
2020-10-01 04:00:05,28.13,989.14453125,40.4931297302
2020-10-01 04:30:05,28.2,989.46484375,41.1556510925
2020-10-01 05:00:06,28.31,989.637451172,41.4562416077
2020-10-01 05:30:06,27.82,989.961425781,41.986869812
2020-10-01 06:00:05,27.84,990.287353516,39.6803131104
2020-10-01 06:30:06,27.77,990.65234375,45.4221725464
2020-10-01 07:00:06,27.88,991.137451172,41.631072998
2020-10-01 07:30:06,28.24,991.691894531,40.7661132812
2020-10-01 08:00:06,28.17,991.880126953,41.9960746765
2020-10-01 08:30:06,27.77,992.239013672,43.0174636841
2020-10-01 09:00:06,28.37,992.624023438,41.1617851257
2020-10-01 09:30:05,28.31,992.753417969,41.4623756409
2020-10-01 10:00:06,28.51,993.002685547,41.3918304443
2020-10-01 10:30:06,28.56,993.175048828,41.0145568848
2020-10-01 11:00:05,28.37,993.333496094,40.744644165
2020-10-01 11:30:05,28.35,993.590332031,40.7569122314
2020-10-01 12:00:05,28.44,993.730957031,40.6710281372
2020-10-01 12:30:05,28.64,993.944824219,39.6895141602
2020-10-01 13:00:06,28.8,993.845214844,39.8030014038
2020-10-01 13:30:05,28.51,993.733154297,38.8705635071
2020-10-01 14:00:06,29.04,993.815673828,39.342918396
2020-10-01 14:30:06,29.02,993.899658203,39.0822029114
2020-10-01 15:00:05,29.09,993.948974609,39.0914039612
2020-10-01 15:30:05,28.66,994.304443359,38.517829895
2020-10-01 16:00:05,28.53,994.503417969,39.0300598145
2020-10-01 16:30:05,28.49,994.562255859,37.6927452087
2020-10-01 17:00:06,28.58,994.469238281,38.3982086182
2020-10-01 17:30:06,28.39,994.5625,38.7018661499
2020-10-01 18:00:05,28.51,994.855224609,38.7356033325
2020-10-01 18:30:06,28.55,995.062988281,40.7845153809
2020-10-01 19:00:06,28.46,995.297363281,40.0238418579
2020-10-01 19:30:06,28.6,995.592773438,40.5238037109
2020-10-01 20:00:06,28.49,995.879882812,39.9410247803
2020-10-01 20:30:06,27.59,996.106201172,41.0759048462
2020-10-01 21:00:06,27.57,996.122314453,42.2997283936
2020-10-01 21:30:05,27.75,996.269042969,42.1801071167
2020-10-01 22:00:06,28.33,996.209472656,41.1525840759
2020-10-01 22:30:06,28.55,996.181396484,40.9593505859
2020-10-01 23:00:05,28.24,996.266357422,40.8366584778
2020-10-01 23:30:05,28.08,996.316650391,40.7998504639
2020-10-02 00:00:05,28.11,996.402099609,41.1709899902
2020-10-02 00:30:05,28.08,996.343261719,40.7569122314
2020-10-02 01:00:06,28.15,996.314697266,40.517665863
2020-10-02 01:30:06,27.9,996.081298828,41.0728378296
2020-10-02 02:00:06,27.79,996.151855469,40.8243904114
2020-10-02 02:30:06,27.8,995.835449219,40.5115318298
2020-10-02 03:00:06,27.61,995.894042969,41.1035079956
2020-10-02 03:30:06,27.37,995.530029297,41.3550224304
2020-10-02 04:00:06,27.53,995.783691406,40.9010696411
2020-10-02 04:30:05,26.99,995.582519531,41.7537612915
2020-10-02 05:00:06,27.06,995.329833984,41.1771240234
2020-10-02 05:30:06,26.77,995.189453125,41.9439315796
2020-10-02 06:00:06,27.28,995.472167969,40.5422058105
2020-10-02 06:30:06,27.19,995.189941406,42.5573768616
2020-10-02 07:00:06,27.24,995.092041016,40.3581695557
2020-10-02 07:30:06,26.95,995.626220703,40.812122345
2020-10-02 08:00:06,26.79,995.716308594,41.2722053528
2020-10-02 08:30:05,26.99,995.979003906,44.9191474915
2020-10-02 09:00:05,27.01,995.994384766,42.3856124878
2020-10-02 09:30:05,27.15,996.268554688,41.4654426575
2020-10-02 10:00:05,26.64,996.436035156,39.8827514648
2020-10-02 10:30:06,26.15,996.2421875,41.3488883972
2020-10-02 11:00:06,25.9,996.176025391,39.5330848694
2020-10-02 11:30:06,26.06,996.055419922,40.5422058105
2020-10-02 12:00:06,26.03,995.93359375,40.0913238525
2020-10-02 12:30:06,26.28,995.952148438,39.0545959473
2020-10-02 13:00:06,26.88,995.795654297,38.1804351807
2020-10-02 13:30:05,26.86,996.175048828,36.9075317383
2020-10-02 14:00:06,27.17,996.274414062,39.7355232239
2020-10-02 14:30:06,27.04,996.345458984,37.033290863
2020-10-02 15:00:06,26.99,996.6328125,35.2297554016
2020-10-02 15:30:05,26.72,996.388671875,36.7296333313
2020-10-02 16:00:06,26.41,996.716064453,35.9260177612
2020-10-02 16:30:05,26.7,996.844482422,36.1100540161
2020-10-02 17:00:06,26.84,997.085449219,36.9627418518
2020-10-02 17:30:06,26.97,997.235839844,34.9261016846
2020-10-02 18:00:06,26.3,997.666748047,37.5700569153
2020-10-02 18:30:06,26.62,998.15234375,37.9473266602
